Date,PnL
2013-11-12,0.00015975046649976
2013-11-13,-0.00097421342242939
2013-11-14,-1.93098552661346e-05
2013-11-15,-0.000680015688460709
2013-11-18,-0.00337540598604287
2013-11-19,-0.000772249300366135
2013-11-20,0.000425342172659185
2013-11-21,0.00197181235276231
2013-11-22,-0.000283114441595058
2013-11-25,0.000118185225835649
2013-11-26,0.000938081717381953
2013-11-27,0.000727873252504212
2013-11-28,-7.01141306488795e-05
2013-11-29,-0.000388857674787753
2013-12-02,0.000512720306982233
2013-12-03,-8.40948439810861e-05
2013-12-04,-0.000148121138814897
2013-12-05,0.000146218468944196
2013-12-06,-0.000529267883734368
2013-12-09,0.00266935514548827
2013-12-10,0.00202294038017583
2013-12-11,0.00115589006219882
2013-12-12,-0.00197503979899002
2013-12-13,-0.000928858373527351
2013-12-16,0.00198874428029054
2013-12-17,0.000753345577311679
2013-12-18,-0.0002323367450343
2013-12-19,0.00303444841163297
2013-12-20,0.00089615842816623
2013-12-23,-0.000430313954580951
2013-12-24,-0.000538783302169017
2013-12-30,0.00357437726152027
2013-12-31,9.70451364756297e-05
2014-01-02,0.00225338425962922
2014-01-03,0.00141522195495028
2014-01-06,0.000556145472942102
2014-01-07,0.00187675147617308
2014-01-08,0.000903271352678595
2014-01-09,0.000772771526652291
2014-01-10,-0.000269295652717278
2014-01-13,-0.000701219197152514
2014-01-14,-0.000249820483946533
2014-01-15,0.0017552763768679
2014-01-16,-0.00038430779698535
2014-01-17,-0.000124265716824325
2014-01-20,0.00139997963397045
2014-01-21,0.000204984130652646
2014-01-22,-4.72587295466989e-05
2014-01-23,-0.000707335703713498
2014-01-24,-0.00319512983691009
2014-01-27,-0.00227175578034092
2014-01-28,0.00132050549811669
2014-01-29,0.00115127119347686
2014-01-30,-0.00112203863611728
2014-01-31,-0.00077429551463312
2014-02-03,0.000150601794371774
2014-02-04,-0.00365343372856654
2014-02-05,0.00141101415936451
2014-02-06,0.00135097891636337
2014-02-07,0.00129888819279163
2014-02-10,0.00174492479850043
2014-02-11,0.00149332417292667
2014-02-12,-0.000813725797717699
2014-02-13,-0.00207530323906606
2014-02-14,0.00115191989362776
2014-02-17,0.000752643925711393
2014-02-18,0.00125131419503612
2014-02-19,0.000200906721438314
2014-02-20,-0.000672313035711405
2014-02-21,0.0017686937939328
2014-02-24,-0.000319296078219033
2014-02-25,-9.60067435103505e-05
2014-02-26,0.00115821176513868
2014-02-27,-0.000274547768095886
2014-02-28,0.00033198528677691
2014-03-03,-0.00164845495425556
2014-03-04,0.00209440294855064
2014-03-05,-0.00042211805990507
2014-03-06,0.00111290096274501
2014-03-07,-0.00163163607038218
2014-03-10,-0.00108520723220177
2014-03-11,0.000811189779673017
2014-03-12,0.000349054768786578
2014-03-13,0.000476016159622524
2014-03-14,-8.82840289306837e-05
2014-03-18,0.00107344835261252
2014-03-19,0.000129145552564518
2014-03-20,-0.000572125551100931
2014-03-21,0.00038907082621014
2014-03-24,-0.000461948495099408
2014-03-25,-0.00229283208999943
2014-03-26,-0.000492404773268373
2014-03-27,0.0005205177171438
2014-03-28,0.000152520685891251
2014-03-31,0.000441001271656178
2014-04-01,0.00122621092542704
2014-04-02,0.000714211531329889
2014-04-03,-0.000757037230202345
2014-04-04,0.00201450830600858
2014-04-07,0.00135179045693124
2014-04-08,-9.68164899070903e-05
2014-04-09,0.00016563958296444
2014-04-10,-0.000518813477020566
2014-04-11,-0.000806071224127369
2014-04-14,-0.000997879993793487
2014-04-15,0.00101431097656622
2014-04-16,0.00046913429471
2014-04-17,0.00161355199058177
2014-04-22,0.00103375699113354
2014-04-23,0.00022264550190404
2014-04-24,-0.000154048137739288
2014-04-25,-0.000385245920389457
2014-04-28,-0.000571530818621528
2014-04-29,0.00108907086258125
2014-04-30,0.000153363018510451
2014-05-01,8.4936688814623e-05
2014-05-02,0.00131304044995595
2014-05-06,0.000900286026094509
2014-05-07,-0.000601250455062938
2014-05-08,0.00137462922568366
2014-05-09,0.000196689528441892
2014-05-12,0.000548433918682164
2014-05-13,0.000260358762531224
2014-05-14,0.000521070887083778
2014-05-15,0.000698108027768939
2014-05-16,-0.00325385969316479
2014-05-19,3.10082637310546e-05
2014-05-20,-0.00110632039493721
2014-05-21,0.00100824213705187
2014-05-22,0.000364433663745255
2014-05-23,9.69701244285171e-05
2014-05-26,0.00278532532749111
2014-05-27,0.00149214414348848
2014-05-28,0.000402628122815053
2014-05-29,-0.000363421552789345
2014-05-30,0.000198018593650238
2014-06-03,0.00126460931896413
2014-06-04,-0.000447578432606162
2014-06-05,0.0005073069913313
2014-06-06,0.0033195192580271
2014-06-09,0.00192933490873555
2014-06-10,0.00103377257606352
2014-06-11,-0.00179063782570525
2014-06-12,-0.000373395676905789
2014-06-13,-0.000634317270450076
2014-06-16,-0.00124652333823037
2014-06-17,0.000512612380758225
2014-06-18,0.000659884103478919
2014-06-19,0.002414278627574
2014-06-20,-6.10270495641982e-05
2014-06-23,-0.000728405169536615
2014-06-24,0.00128870927184688
2014-06-25,-0.000174199614278091
2014-06-26,0.000917107905329433
2014-06-27,-0.000819544230988207
2014-06-30,-0.00107704491060785
2014-07-01,0.00162054595120278
2014-07-02,-0.000127042504186813
2014-07-03,-0.000440423179680932
2014-07-04,0.000727035144042349
2014-07-07,-0.000255261913421481
2014-07-08,-0.000979376261973439
2014-07-09,-0.00116371309861632
2014-07-10,-0.00200828893076576
2014-07-11,-1.73749695081103e-05
2014-07-14,0.00139943539469948
2014-07-15,0.00105134927863705
2014-07-16,0.00115718855411213
2014-07-17,-0.000130369290781937
2014-07-18,-0.00203864666806673
2014-07-21,0.000603217502289524
2014-07-22,0.00325129267105468
2014-07-23,0.00299766953921502
2014-07-24,0.00214854590386586
2014-07-25,0.00221642633643579
2014-07-28,0.000316677691964572
2014-07-29,0.00238461346496514
2014-07-30,0.00256480579167468
2014-07-31,-0.00199988333555644
2014-08-01,-0.00539731396471982
2014-08-05,-0.000376606463094069
2014-08-06,-0.00567580026826501
2014-08-07,0.00114667918946714
2014-08-08,-0.0059481484765803
2014-08-11,0.00279415266284512
2014-08-12,0.00267106691362558
2014-08-13,0.000988648005529521
2014-08-14,0.00193547789122325
2014-08-15,0.00259421350620635
2014-08-18,-0.000188997007067211
2014-08-19,0.00182096164034872
2014-08-20,0.000249990769857017
2014-08-21,-0.00023364388781219
2014-08-22,0.00215723830757279
2014-08-25,0.00169186439867561
2014-08-26,0.000208412584597523
2014-08-27,0.000505847197467929
2014-08-28,-0.0014329897424652
2014-08-29,0.00075132110665057
2014-09-01,-0.000508009895688389
2014-09-02,0.00212057483021734
2014-09-03,0.000287644530136925
2014-09-04,0.000591912332980868
2014-09-05,0.00254096550014821
2014-09-08,-0.000200683283290049
2014-09-09,0.000973575700723292
2014-09-10,-0.00057781943873483
2014-09-11,0.000888426409671632
2014-09-12,-0.000691815640678718
2014-09-15,-0.00113320644869681
2014-09-16,-0.00182341668558241
2014-09-17,0.00254426766694067
2014-09-18,0.00376073808091241
2014-09-19,0.00188295849615662
2014-09-22,0.000337828437414173
2014-09-23,-0.00245226409354017
2014-09-24,0.000378441553444095
2014-09-25,0.00433307060817194
2014-09-26,-0.0029983438864006
2014-09-29,0.00221188188942971
2014-09-30,-0.000564063926767425
2014-10-01,-0.000978880314745403
2014-10-02,-0.00467981179035104
2014-10-03,0.000871494839197472
2014-10-06,0.00471595478880072
2014-10-07,-0.00321957904148027
2014-10-08,-0.00397388605501701
2014-10-09,-0.000552114983006373
2014-10-10,-0.00593511916786526
2014-10-13,-0.00143075956715635
2014-10-14,-0.00862932410886897
2014-10-15,0.00257201177950052
2014-10-16,-0.0252533332393089
2014-10-17,0.00354870166094473
2014-10-20,0.00561680630785528
2014-10-21,-0.00264795063057866
2014-10-22,0.0036424561923099
2014-10-23,4.07584602293711e-05
2014-10-24,0.00110203068434507
2014-10-28,-0.00092692796955987
2014-10-29,0.00117973332409313
2014-10-30,0.00118461112840936
2014-10-31,0.00357198854058392
2014-11-03,-2.84310776017435e-05
2014-11-04,-0.000379354551047292
2014-11-05,0.00233602611410099
2014-11-06,0.000861530965303443
2014-11-07,0.00122288529192163
2014-11-10,0.000343648461137023
2014-11-11,0.00237265143751265
2014-11-12,-0.00158475022987866
2014-11-13,0.00111168811432459
2014-11-14,0.00132686138199705
2014-11-17,-0.00157925071908872
2014-11-18,0.000523447229955395
2014-11-19,0.000683566652308785
2014-11-20,-0.00120621888997585
2014-11-21,0.0033756231083957
2014-11-24,0.000193347440706899
2014-11-25,0.000192749108664424
2014-11-26,0.000407173403433792
2014-11-27,-0.000927413600479483
2014-11-28,0.00049087397659099
2014-12-01,-0.00248522005633693
2014-12-02,0.00180531564486402
2014-12-03,2.81449677246355e-05
2014-12-04,0.00101940350225538
2014-12-05,0.00136135844839869
2014-12-08,0.00188157187969303
2014-12-09,-0.00168658893977785
2014-12-10,-0.00176674040960907
2014-12-11,-0.00153770224553952
2014-12-12,-0.000968050203009681
2014-12-15,-0.00165398364911931
2014-12-16,-0.00725110517739049
2014-12-17,0.00149537237930442
2014-12-18,0.00678683885565585
2014-12-19,-0.00104896039540242
2014-12-22,0.00332346798284227
2014-12-23,0.00143448441491878
2014-12-24,-0.000322061377752063
2014-12-30,-8.62413147619703e-05
2014-12-31,-0.000419148983137082
2015-01-02,0.00148091612432222
2015-01-05,0.00181432980613181
2015-01-06,-0.000895925320670361
2015-01-07,0.00274055913015659
2015-01-08,0.00117792533574617
2015-01-09,-0.00610086011292535
2015-01-12,0.00117393679999767
2015-01-13,-0.00151065303736271
2015-01-14,-0.00257102625840156
2015-01-15,0.000338839661009136
2015-01-16,7.25451864126396e-05
2015-01-19,0.00157325123033851
2015-01-20,0.00442195751193703
2015-01-21,0.00180214742492744
2015-01-22,-0.000780200070988331
2015-01-23,0.003561166240526
2015-01-26,0.00112904103305734
2015-01-27,-0.000737542992419395
2015-01-28,-0.000130754485639157
2015-01-29,0.00263682403940027
2015-01-30,-0.00102461041692934
2015-02-02,0.000713509775855374
2015-02-03,0.00120437900130547
2015-02-04,-0.00213580259739931
2015-02-05,-7.04714560025582e-05
2015-02-06,-0.000952512390355201
2015-02-09,0.00118621823010917
2015-02-10,0.0011378896258408
2015-02-11,-0.00190941556428232
2015-02-12,0.00246159424991187
2015-02-13,0.000221001744989552
2015-02-16,-0.000599323883887482
2015-02-17,-6.5217972042736e-05
2015-02-18,0.000792325721749006
2015-02-19,0.000278160393491645
2015-02-20,0.00128527940055495
2015-02-23,0.00144569789460026
2015-02-24,0.00137789439133264
2015-02-25,-9.70056524227753e-05
2015-02-26,0.00126192164949931
2015-02-27,0.00132857657383174
2015-03-02,0.00255807354986464
2015-03-03,-0.000651693465013455
2015-03-04,-0.00142037462726794
2015-03-05,0.00392453330612121
2015-03-06,0.00148049437558951
2015-03-09,0.00116583349778405
2015-03-10,0.000725208344049324
2015-03-11,0.00153444125786294
2015-03-12,0.00171460183174512
2015-03-13,0.00171426705237919
2015-03-16,0.00150005436375053
2015-03-18,-0.00154179823821182
2015-03-19,-0.0022032436469714
2015-03-20,0.00281830420172541
2015-03-23,-0.00325974201130775
2015-03-24,-0.000108556028422748
2015-03-25,-9.75537041111808e-05
2015-03-26,-0.0010411868528856
2015-03-27,0.000159113901556748
2015-03-30,0.00255843932472398
2015-03-31,-0.00116965952721328
2015-04-01,0.000872474848298922
2015-04-02,-0.00041098280673359
2015-04-07,0.000397811121356072
2015-04-08,0.00106018555079545
2015-04-09,0.000786038825359108
2015-04-10,0.00173682736726239
2015-04-13,0.000126958117157752
2015-04-14,-0.000959440079070818
2015-04-15,0.000533912913520474
2015-04-16,-0.00214263607007786
2015-04-17,-0.00223212413002452
2015-04-20,0.0011967393846358
2015-04-21,0.00062631661126841
2015-04-22,-0.000293176549022796
2015-04-23,-0.00129988674132845
2015-04-24,0.000628596628823354
2015-04-27,0.00239078166690581
2015-04-28,-0.000588577646136324
2015-04-29,-0.000152935751685687
2015-04-30,-0.00368481465550278
2015-05-01,0.00126566202693289
2015-05-05,0.00130030621840645
2015-05-06,-0.00125563777734571
2015-05-07,-0.00189989172453455
2015-05-08,0.00118326032836967
2015-05-11,0.00139863037623244
2015-05-12,-0.00221822768955677
2015-05-13,0.00100760890465119
2015-05-14,4.82343413116687e-05
2015-05-15,0.000873334652433814
2015-05-18,0.000870559475347422
2015-05-19,0.00114442267778379
2015-05-20,0.000496248309655394
2015-05-21,4.18780086396621e-05
2015-05-22,0.000823658350432838
2015-05-25,0.000732884905584184
2015-05-26,-6.41163358199259e-05
2015-05-27,0.000219855085402387
2015-05-28,6.64929627667563e-05
2015-05-29,6.52582538383256e-05
2015-06-02,0.000182645615532543
2015-06-03,-0.000451264384640656
2015-06-04,-0.00107372666536515
2015-06-05,-0.000233623042887212
2015-06-08,0.000413608708155553
2015-06-09,-0.00175143707878662
2015-06-10,-0.000878218685931365
2015-06-11,0.00154605591798147
2015-06-12,0.000851178896572946
2015-06-15,-0.000907873302732363
2015-06-16,-0.000225917975244705
2015-06-17,0.00054776243277252
2015-06-18,-0.00243875047335464
2015-06-19,0.00182120823693638
2015-06-22,-0.000489320862102163
2015-06-23,0.000494582882490152
2015-06-24,0.000781719647662419
2015-06-25,-0.000358653235401945
2015-06-26,-0.000891892934679562
2015-06-29,-0.00229518767906928
2015-06-30,-0.000289618861205282
2015-07-01,0.00170216575422183
2015-07-02,0.000717258183906248
2015-07-03,-0.000566357385496522
2015-07-06,0.000634949885177014
2015-07-07,0.000128844096601436
2015-07-08,-0.0010930720220932
2015-07-09,-0.00106920156943322
2015-07-10,0.000559846361100048
2015-07-13,0.00179772386048629
2015-07-14,0.000443131608040448
2015-07-15,4.2689334914926e-05
2015-07-16,0.000887287437512467
2015-07-17,0.00125525618354248
2015-07-20,0.00116939096547177
2015-07-21,0.000417944803376394
2015-07-22,-0.00189013720210816
2015-07-23,0.00127384736767901
2015-07-24,0.001045701243786
2015-07-27,-0.00265813010928621
2015-07-28,0.000275116153016272
2015-07-29,0.000503814408772645
2015-07-30,0.00253923969107004
2015-07-31,0.000612649636590992
2015-08-04,0.000893288796008853
2015-08-05,0.00292909755126371
2015-08-06,-0.00057453008801259
2015-08-07,-0.00112026586494965
2015-08-10,0.00086187604767896
2015-08-11,0.000935257034801614
2015-08-12,-0.00325180094735756
2015-08-13,0.00172404723187779
2015-08-14,-0.00110219217748478
2015-08-17,0.00237937987639847
2015-08-18,-0.000868721170600142
2015-08-19,-0.000776836644152526
2015-08-20,-0.00258265055716225
2015-08-21,-0.00548164666380043
2015-08-24,-0.0148644808104372
2015-08-25,-0.00933167765436652
2015-08-26,-0.00093748274709501
2015-08-27,0.0023844454650994
2015-08-28,0.000907253545718489
2015-08-31,0.000512189824926184
2015-09-01,-0.00107895813394204
2015-09-02,9.19921239852996e-05
2015-09-03,0.00253829054418895
2015-09-04,0.000101874214617939
2015-09-07,0.00130761004128286
2015-09-08,-0.000798180525056126
2015-09-09,7.70521137550003e-05
2015-09-10,0.000789825866506543
2015-09-11,9.23362725612444e-05
2015-09-14,-0.000353460366880463
2015-09-15,-3.6910292300231e-05
2015-09-16,-0.000882287219355367
2015-09-17,-0.000869754507602297
2015-09-18,-0.000715640308209392
2015-09-21,0.00115805288974359
2015-09-22,0.000405552111672091
2015-09-23,-0.000241137634780055
2015-09-24,0.00107150278528579
2015-09-25,-0.00120134526851119
2015-09-28,0.000406404466429754
2015-09-29,-0.000211400339542874
2015-09-30,-0.000279667438843788
2015-10-01,0.000437219958230549
2015-10-02,0.000234931331178556
2015-10-05,-4.10312937028451e-05
2015-10-06,0.000591338692738114
2015-10-07,3.90684899271601e-06
2015-10-08,4.79427497762314e-05
2015-10-09,-0.00103562581607252
2015-10-12,-0.000382352494207388
2015-10-13,-0.000191667432949176
2015-10-14,0.00019347731141413
2015-10-15,0.00110931261449272
2015-10-16,8.55074859284229e-05
2015-10-19,0.000121630660604485
2015-10-20,-0.000493148169848242
2015-10-21,-0.000163614629668918
2015-10-22,0.000228568494673002
2015-10-23,0.00165177655524246
2015-10-27,-8.6100713281068e-05
2015-10-28,0.000414740715642642
2015-10-29,-0.000350958975674393
2015-10-30,-0.000441417787492208
2015-11-02,0.00101277175876008
2015-11-03,-0.000407546860876079
2015-11-04,0.00173282260703286
2015-11-05,-0.00087185072584798
2015-11-06,-0.000397981790737077
2015-11-09,0.000172823880854229
2015-11-10,-0.000441573379596554
2015-11-11,0.000453484801758868
2015-11-12,-4.92300878869833e-05
2015-11-13,-0.000200175444134876
2015-11-16,-0.000197469161160022
2015-11-17,0.000833904809123993
2015-11-18,0.000192060785662297
2015-11-19,0.000162710724830298
2015-11-20,0.000923486437430159
2015-11-23,-2.39745120038714e-05
2015-11-24,-0.00134583754007063
2015-11-25,0.000727041166878267
2015-11-26,0.000382618773330846
2015-11-27,0.000265168294069121
2015-11-30,-0.000183738404833489
2015-12-01,0.00153216528799139
2015-12-02,-0.00049367931072306
2015-12-03,0.000321926031213138
2015-12-04,-0.00221165072817215
2015-12-07,-0.000189298289533888
2015-12-08,-0.00104529627032801
2015-12-09,0.000343993668543008
2015-12-10,-0.000344355180843367
2015-12-11,-0.00128529770379263
2015-12-14,0.00088025816733013
2015-12-15,-0.000497809808688406
2015-12-16,0.000580729895702289
2015-12-17,0.000924116669627189
2015-12-18,0.000340985102203674
2015-12-21,0.000671396877787863
2015-12-22,0.000432050893995059
2015-12-23,-0.00029753615125042
2015-12-24,-0.000180815950592266
2015-12-30,0.00135473101172643
2015-12-31,-0.00138917979741931
2016-01-04,-0.00102430087059559
2016-01-05,-0.00157205884718626
2016-01-06,-0.000231482850521953
2016-01-07,-0.00172846218615172
2016-01-08,-0.000958112951733346
2016-01-11,-0.000189476588615701
2016-01-12,-0.000996756583232386
2016-01-13,0.00190052640573501
2016-01-14,-0.00267344734375413
2016-01-15,0.000179380999012905
2016-01-18,-0.00232396815792307
2016-01-19,0.000301501232385112
2016-01-20,-0.00021425364441216
2016-01-21,0.000543112765755082
2016-01-22,-0.000188149228421255
2016-01-25,-3.87151404316654e-05
2016-01-26,0.000287215752671653
2016-01-27,0.000605870640692986
2016-01-28,-0.000622159630579765
2016-01-29,-0.000688385378467884
2016-02-01,0.00142143639275947
2016-02-02,0.000630198466409763
2016-02-03,-0.000679703999736263
2016-02-04,-0.00077064279195655
2016-02-05,0.00012214189170018
2016-02-08,-0.000548430950497082
2016-02-09,-0.000324610184572699
2016-02-10,-0.00029744884313063
2016-02-11,-0.00313094125210364
2016-02-12,0.00138770268893214
2016-02-15,0.00255524868443489
2016-02-16,-0.000774350434956596
2016-02-17,0.000980263934036011
2016-02-18,0.000971618116892573
2016-02-19,2.2758548860313e-05
2016-02-22,0.000981656964828367
2016-02-23,0.000436162481322276
2016-02-24,-0.00100682788246231
2016-02-25,0.00144961737387164
2016-02-26,0.00131022723507897
2016-02-29,-0.000500857009405832
2016-03-01,0.00143931254380026
2016-03-02,0.000481051383577326
2016-03-03,0.000517041206386815
2016-03-04,0.000757785283096629
2016-03-07,0.000341804181038985
2016-03-08,-5.151712562577e-06
2016-03-09,0.00332589085559923
2016-03-10,-0.0012809737638493
2016-03-11,0.000124146449000995
2016-03-14,-0.000661154656091222
2016-03-15,-0.000367008441551842
2016-03-16,-1.56221686079974e-05
2016-03-18,0.00145546767582581
2016-03-21,0.000796575246631733
2016-03-22,-0.000252244295156026
2016-03-23,0.000612101309904583
2016-03-24,-0.0013212834498925
2016-03-29,-0.000242526660904517
2016-03-30,0.000431493781447276
2016-03-31,3.78354809903042e-05
2016-04-01,-0.00155196381767104
2016-04-04,0.00179787007269947
2016-04-05,-0.00183743222100745
2016-04-06,0.00038729761397848
2016-04-07,-0.000284582881187509
2016-04-08,0.00223836249493948
2016-04-11,0.000522449756484527
2016-04-12,-0.000330829292753635
2016-04-13,0.00271735822921201
2016-04-14,0.000764461433209775
2016-04-15,-4.76312241161489e-05
2016-04-18,-0.000332127548176179
2016-04-19,0.00234674990990736
2016-04-20,0.000365117121464009
2016-04-21,0.000867167278829066
2016-04-22,-0.000831711070674576
2016-04-25,-0.00104983277604127
2016-04-26,-0.000176062126771326
2016-04-27,0.000480587095995284
2016-04-28,-0.000434244199193796
2016-04-29,-4.18585524542348e-05
2016-05-03,-0.0032192571641573
2016-05-04,-0.000458975614183212
2016-05-05,-0.000172763726503076
2016-05-06,-0.000886453631222276
2016-05-09,0.00160436946648871
2016-05-10,0.000341985510435913
2016-05-11,-0.00165988265255055
2016-05-12,0.00080648661430311
2016-05-13,-0.0014074759060454
2016-05-16,0.00114148498600197
2016-05-17,-0.000183999165194061
2016-05-18,-0.000491357382830494
2016-05-19,-0.0010840196516641
2016-05-20,0.000195756357347577
2016-05-23,0.000148511761546531
2016-05-24,0.00102165821835346
2016-05-25,0.00132352010326772
2016-05-26,0.000233541881162276
2016-05-27,0.00076663463287311
2016-05-30,0.000964530900039474
2016-05-31,-0.000346934655945455
2016-06-01,-0.00147037222784149
2016-06-02,-0.000278995216093171
2016-06-03,0.00107886439658804
2016-06-07,0.000206852370879454
2016-06-08,0.00124738425379858
2016-06-09,9.87819222486704e-05
2016-06-10,-0.00134507689014354
2016-06-13,-0.00046485809564587
2016-06-14,-0.00110639708434436
2016-06-15,-0.00104680384883574
2016-06-16,-0.00104724352852247
2016-06-17,0.000203447854790583
2016-06-20,0.0014703722963467
2016-06-21,-6.02020306884389e-05
2016-06-22,0.000666290493818668
2016-06-23,0.00148040564847376
2016-06-24,-0.00593427707001827
2016-06-27,0.00531941548272106
2016-06-28,0.00315146958915199
2016-06-29,0.00289631647594032
2016-06-30,-2.85006873900468e-05
2016-07-01,0.00302502504161896
2016-07-04,0.00081952909570003
2016-07-05,-0.000247102592369439
2016-07-06,0.00128534226322692
2016-07-07,0.000193907965222643
2016-07-08,-0.00024779576769876
2016-07-11,0.00271013958133655
2016-07-12,-0.00161884216549477
2016-07-13,-0.00078837648162441
2016-07-14,0.000201775780415466
2016-07-15,-0.00123635562490135
2016-07-18,0.00094183448538034
2016-07-19,0.00068846025722934
2016-07-20,0.00129949066023427
2016-07-21,-0.00140697264337959
2016-07-22,0.00179153907714578
2016-07-25,0.000271800901180279
2016-07-26,0.000696403753553188
2016-07-27,0.00135907133169814
2016-07-28,0.000886338214683808
2016-07-29,0.000541492359030577
2016-08-02,-0.00085689607200345
2016-08-03,-0.000771126738519018
2016-08-04,0.00117469514823221
2016-08-05,0.00484111005054749
2016-08-08,0.00152217984805297
2016-08-09,-3.48117494386008e-05
2016-08-10,-0.000416853772325616
2016-08-11,0.000853489787644715
2016-08-12,0.00119578271074248
2016-08-15,0.000179290221182069
2016-08-16,-0.000820908486987788
2016-08-17,-0.00138142596393498
2016-08-18,-0.00110741481428246
2016-08-19,-0.000422133915073558
2016-08-22,-0.000615536329916908
2016-08-23,0.000130292031670618
2016-08-24,0.000548754438575848
2016-08-25,2.21948313745768e-05
2016-08-26,-0.000151926973599597
2016-08-29,6.2714605518401e-05
2016-08-30,0.0009957006494638
2016-08-31,-0.000401185219232709
2016-09-01,-0.00119930165493166
2016-09-02,0.00145035131738661
2016-09-05,-0.000584237417027208
2016-09-06,0.00016527882470111
2016-09-07,0.000356825578198183
2016-09-08,-0.000408747277115767
2016-09-09,-0.00318060833658043
2016-09-12,-0.00333179818563821
2016-09-13,0.00217184563551157
2016-09-14,-0.00221970909514324
2016-09-15,-0.00108400288413245
2016-09-16,0.000503207436332531
2016-09-19,0.000786779085327043
2016-09-20,0.000914108219686867
2016-09-21,6.84194347319671e-06
2016-09-22,0.00282347733802835
2016-09-23,0.00105781252602568
2016-09-26,-0.0010822946875274
2016-09-27,-0.000155410311021361
2016-09-28,0.00106173866630492
2016-09-29,0.00195245556421768
2016-09-30,-0.00375751725819869
2016-10-03,0.00182734984788884
2016-10-04,0.0033864356119967
2016-10-05,-0.00358854020390556
2016-10-06,0.000529307581372186
2016-10-07,-0.000722110983960227
2016-10-10,-0.000249498725506108
2016-10-11,0.00103202489080481
2016-10-12,-0.000699015238750125
2016-10-13,-0.00106043712008167
2016-10-14,0.00111696713171802
2016-10-17,-0.000823904394506448
2016-10-18,0.00172608448781822
2016-10-19,-0.000998994137865132
2016-10-20,0.0024554014807414
2016-10-21,-0.000417866173598377
2016-10-24,0.00224619740128573
2016-10-25,0.000543650392391497
2016-10-26,-0.00137136993624471
2016-10-27,-0.00256330012313314
2016-10-28,-0.000897253861192155
2016-11-01,-0.000112286275508174
2016-11-02,-0.00135388884234194
2016-11-03,-0.00042293532183066
2016-11-04,-0.00313498573257618
2016-11-07,0.003355184309862
2016-11-08,0.000763015084390708
2016-11-09,-0.00173701534969004
2016-11-10,0.000943491322256652
2016-11-11,-0.00385125089757828
2016-11-14,-0.00175730593235122
2016-11-15,-0.000148753058461771
2016-11-16,0.00296902505768237
2016-11-17,-0.0014990816487426
2016-11-18,0.000258676140802323
2016-11-21,0.000256902986260703
2016-11-22,0.00126154960036833
2016-11-23,-0.000533231106612742
2016-11-24,0.000549822548903436
2016-11-25,-0.000624143444696498
2016-11-28,-0.00159419224879087
2016-11-29,0.00036823464626117
2016-11-30,-0.000224189558368158
2016-12-01,0.000752374061308082
2016-12-02,-9.67635455760479e-05
2016-12-05,-0.00046031360702306
2016-12-06,0.00112121410632993
2016-12-07,0.00245182940824434
2016-12-08,-0.000488976194033954
2016-12-09,0.00327324904035736
2016-12-12,0.00014545222202907
2016-12-13,0.000330657093438257
2016-12-14,-7.44890837123757e-05
2016-12-15,0.000578913634506811
2016-12-16,0.000825585207411862
2016-12-19,-0.00180634416979233
2016-12-20,0.001084101177904
2016-12-21,0.000227926429770571
2016-12-22,-0.00059957810911431
2016-12-23,0.00233998895411715
2016-12-29,-0.00225235499410331
2016-12-30,-0.000424255606695939
2017-01-03,0.00242028205106908
2017-01-04,0.000433503169046399
2017-01-05,-0.00086388278141127
2017-01-06,-0.00146663463941126
2017-01-09,-0.000509804068719452
2017-01-10,2.47661537874021e-05
2017-01-11,0.000382639993817539
2017-01-12,-0.00165168287739317
2017-01-13,0.00123464787518077
2017-01-16,0.000827956310635411
2017-01-17,-0.0020727728683722
2017-01-18,-0.000269821575021146
2017-01-19,0.000336591242738756
2017-01-20,0.00225296066222808
2017-01-23,-0.00169620923485146
2017-01-24,-0.000140388950254325
2017-01-25,0.000592760650964987
2017-01-26,-0.000537032106473674
2017-01-27,-0.000435003897061597
2017-01-30,-0.00017633604791143
2017-01-31,-0.000580645287672035
2017-02-01,-0.000591573422836524
2017-02-02,-0.00124968538343224
2017-02-03,0.00232479906167268
2017-02-06,-0.000979900398419132
2017-02-07,-0.000404729139095321
2017-02-08,-0.00123196587488942
2017-02-09,0.00244156842998801
2017-02-10,0.000211086241704284
2017-02-13,0.000888390378721825
2017-02-14,0.00132086348998883
2017-02-15,0.000435368341144896
2017-02-16,-8.34453886288529e-05
2017-02-17,-0.000154929636095647
2017-02-20,0.00151132123449901
2017-02-21,0.00041473380438572
2017-02-22,-0.00125708826202554
2017-02-23,0.00131313401378146
2017-02-24,-0.00189261601007505
2017-02-27,0.00306764468257839
2017-02-28,-0.000287661106452367
2017-03-01,0.00173896224852131
2017-03-02,-0.000370423308923595
2017-03-03,0.00199271379719507
2017-03-06,-0.000333213177400152
2017-03-07,0.000745087334931958
2017-03-08,0.000487204111458293
2017-03-09,-0.00129654052954339
2017-03-10,0.00062190146365485
2017-03-13,0.00144115353224334
2017-03-14,7.03848982248321e-05
2017-03-15,-0.00198145693128955
2017-03-16,0.00227771825143131
2017-03-20,-0.00188524858520783
2017-03-21,0.00139061552783255
2017-03-22,-0.00105328642376156
2017-03-23,0.000324193999225995
2017-03-24,-0.000285829142826361
2017-03-27,9.15743558850141e-05
2017-03-28,-9.01489147153587e-05
2017-03-29,0.00216731789104922
2017-03-30,-0.00154933719621606
2017-03-31,0.0012333693114892
2017-04-03,-0.00068225043779808
2017-04-04,0.00162238409469528
2017-04-05,0.000253131275322322
2017-04-06,-0.00158651993855132
2017-04-07,7.38622896043935e-06
2017-04-10,-0.000122866290000428
2017-04-11,0.000450935873713696
2017-04-12,-0.000444134250469882
2017-04-13,-0.000227640492248925
2017-04-18,-0.000260771974276736
2017-04-19,0.00194546502383395
2017-04-20,0.000242528437831729
2017-04-21,0.000435685428784299
2017-04-24,0.00325426667041216
2017-04-25,0.00115478027652018
2017-04-26,-0.00212011214687815
2017-04-27,0.000283315055602144
2017-04-28,-0.000373609579362118
2017-05-02,0.000286469601332227
2017-05-03,0.000789087671846556
2017-05-04,0.000859912950001536
2017-05-05,0.000238139014610424
2017-05-08,0.000898466853141342
2017-05-09,0.000454494976343325
2017-05-10,-0.000203147698199668
2017-05-11,0.000432592795887261
2017-05-12,0.00042762201334951
2017-05-15,0.00122648265793926
2017-05-16,0.000953540088981025
2017-05-17,0.000191371733979099
2017-05-18,-0.0038926370209459
2017-05-19,0.00108625122385812
2017-05-22,0.00213963994761857
2017-05-23,0.00132013894383145
2017-05-24,-0.000838031500805174
2017-05-25,0.000887162912257152
2017-05-26,-0.000560349855153339
2017-05-29,1.93824338956229e-05
2017-05-30,-0.000830268425788686
2017-05-31,-3.02242372488637e-05
2017-06-01,-0.000214936492202799
2017-06-02,0.000106728591762967
2017-06-06,-0.000750519445185722
2017-06-07,0.000808625353968696
2017-06-08,-0.00129600650136147
2017-06-09,-0.000542108192978135
2017-06-12,0.00110386848688545
2017-06-13,0.000296250506545263
2017-06-14,0.001102057782845
2017-06-15,-0.000569851483337393
2017-06-16,0.000363645821846969
2017-06-19,0.000846410120427291
2017-06-20,0.000612747902076072
2017-06-21,-0.000818040202853879
2017-06-22,-9.46351014520597e-05
2017-06-23,0.000319004174223954
2017-06-26,0.000719057103386022
2017-06-27,0.000210842161309902
2017-06-28,-0.00147135600962266
2017-06-29,-0.000946912103700931
2017-06-30,-0.00176862890380624
2017-07-03,-0.000585299076868999
2017-07-04,0.000445363798508695
2017-07-05,0.00106955632131057
2017-07-06,-0.00116903558494232
2017-07-07,-0.00065568977928368
2017-07-10,0.000432228333793638
2017-07-11,0.000860337422074353
2017-07-12,0.000502509065603846
2017-07-13,0.00194603615277817
2017-07-14,-0.000145248468988589
2017-07-17,0.000204086109926471
2017-07-18,0.000326302014770905
2017-07-19,0.000637237389757983
2017-07-20,0.000961920688999895
2017-07-21,3.97532826688074e-05
2017-07-24,-0.000508801243653019
2017-07-25,0.00064662892037116
2017-07-26,-0.000555501441973911
2017-07-27,0.000130935583557321
2017-07-28,-0.00137395985335094
2017-07-31,0.000888401142389591
2017-08-01,2.80747351737429e-05
2017-08-02,-6.2340197740853e-05
2017-08-03,0.000342133267110932
2017-08-04,0.0003233455259564
2017-08-08,0.000960760904291482
2017-08-09,-0.00130170943095087
2017-08-10,-5.76658143613284e-05
2017-08-11,-0.00697812773015107
2017-08-14,0.00237363598720185
2017-08-15,0.00565396398847088
2017-08-16,0.00117309075238048
2017-08-17,6.25841101300584e-05
2017-08-18,-0.00213992506940215
2017-08-21,0.000869833392465412
2017-08-22,0.000906922427242138
2017-08-23,0.000839440205840831
2017-08-24,0.000604002761626484
2017-08-25,0.000285908923568214
2017-08-28,0.000462961514796698
2017-08-29,-0.000938192276725993
2017-08-30,0.0020677067759363
2017-08-31,0.00058351558440332
2017-09-01,0.00127505723033108
2017-09-04,-0.00015472565351577
2017-09-05,-0.000352487668517504
2017-09-06,-0.000673696128836371
2017-09-07,0.0013411587288124
2017-09-08,2.75773673041335e-05
2017-09-11,0.000423218283630866
2017-09-12,0.000872327363870973
2017-09-13,-0.000483409298572297
2017-09-14,-0.00180632846258337
2017-09-15,-0.000766304300960413
2017-09-18,0.00271802177383325
2017-09-19,0.000249236968083918
2017-09-20,0.000367356469013912
2017-09-21,0.000278722873152704
2017-09-22,-0.000377116559020167
2017-09-25,-8.61100879982489e-05
2017-09-26,-0.00179269220482126
2017-09-27,0.000900186418349342
2017-09-28,-0.00156801334515925
2017-09-29,-0.000734439407560064
2017-10-02,0.000563734916995843
2017-10-03,0.000233606260145717
2017-10-04,0.00037578804626445
2017-10-05,2.99104670130344e-05
2017-10-06,0.00116557550505068
2017-10-09,-0.00103428594522843
2017-10-10,1.40835657526488e-05
2017-10-11,0.000581064510707619
2017-10-12,0.000668126337387252
2017-10-13,0.00027953845603707
2017-10-16,0.00130560417454233
2017-10-17,0.000492888118464439
2017-10-18,0.000758918577694614
2017-10-19,-0.000463162498759331
2017-10-20,0.000553327184264365
2017-10-23,-0.000664732728578381
2017-10-24,-0.00115031789381014
2017-10-25,-0.00225357492196357
2017-10-26,-0.00076507418870409
2017-10-27,-0.000904281884262707
2017-10-31,0.00229490913865146
2017-11-01,0.000597198094479571
2017-11-02,0.00163412096388316
2017-11-03,0.000987575003829682
2017-11-06,-0.00085346209294295
2017-11-07,0.000940485829768418
2017-11-08,-0.000440891569252558
2017-11-09,0.000295360526372468
2017-11-10,-0.00211217051914033
2017-11-13,-0.00202370566876743
2017-11-14,-6.11489737115538e-05
2017-11-15,-0.000986088651717859
2017-11-16,0.000850935498171869
2017-11-17,0.000987354988426995
2017-11-20,0.000157445448295151
2017-11-21,0.00108990527087031
2017-11-22,0.00307764726244498
2017-11-23,0.000921758488725918
2017-11-24,0.000351392775024993
2017-11-27,0.000124835598319451
2017-11-28,-0.000638387679999612
2017-11-29,2.853719381103e-05
2017-11-30,-0.000968086661427025
2017-12-01,-0.000310511959100331
2017-12-04,0.000945253227344755
2017-12-05,0.000357638188946216
2017-12-06,-5.26812325258877e-05
2017-12-07,-0.000542133212935604
2017-12-08,0.000545034923391367
2017-12-11,0.00149049543073384
2017-12-12,0.00174015440944015
2017-12-13,8.03300944374717e-05
2017-12-14,0.000832018003986735
2017-12-15,0.000945505563004518
2017-12-18,0.00237036605427828
2017-12-19,0.000991606318132546
2017-12-20,-0.00189223204726438
2017-12-21,-0.000412238151527659
2017-12-22,0.000599591065605191
2017-12-28,0.00152553026396847
2017-12-29,-4.25863295038252e-05
2018-01-02,-0.000575039718207194
2018-01-03,0.00167072928693253
2018-01-04,0.00144152873202891
2018-01-05,0.00254622528192889
2018-01-08,-0.000316544256736434
2018-01-09,0.000390094210477704
2018-01-10,-0.00158177980349142
2018-01-11,-0.000420288064348343
2018-01-12,-0.000203872213069721
2018-01-15,9.61374846531484e-05
2018-01-16,-0.000645531056522171
2018-01-17,-0.000475012154449914
2018-01-18,-0.000650509602694777
2018-01-19,-0.000297637824674381
2018-01-22,0.000533569416919383
2018-01-23,0.00134256693950223
2018-01-24,-0.000151687122753778
2018-01-25,-0.000643481860411169
2018-01-26,-0.00211579031112345
2018-01-29,0.00226205379247599
2018-01-30,-0.00032835801214357
2018-01-31,-0.000631373292374507
2018-02-01,0.000582904156400182
2018-02-02,-0.00132668718655156
2018-02-05,-0.00503412929891042
2018-02-06,-0.0201507674316712
2018-02-07,0.0127455546994353
2018-02-08,-0.00201934576782186
2018-02-09,-0.00727599157818998
2018-02-12,0.00233962577538651
2018-02-13,0.00210577370361116
2018-02-14,0.00152383414460218
2018-02-15,0.00253857666719275
2018-02-16,0.00234013422323308
2018-02-19,0.000443646890726023
2018-02-20,-0.000170879408160924
2018-02-21,-0.000720459194565325
2018-02-22,-0.000681067308118993
2018-02-23,0.00112260407919443
2018-02-26,0.00166520955419943
2018-02-27,0.00161188353197468
2018-02-28,-0.00242040846409939
2018-03-01,-0.00106093049203503
2018-03-02,-0.00152566463406859
2018-03-05,0.00142924381472054
2018-03-06,0.000735326707550109
2018-03-07,0.000128106759953241
2018-03-08,-0.000606760067333184
2018-03-09,0.00013537467680022
2018-03-12,0.0013450831362893
2018-03-13,-0.000199925458304913
2018-03-14,-0.000224063859340599
2018-03-15,-0.000327334224538773
2018-03-16,-0.00054545848568392
2018-03-20,-1.69796686600698e-05
2018-03-21,0.000759452207156821
2018-03-22,0.000114825140218309
2018-03-23,-0.002427030326014
2018-03-26,0.000179823790228423
2018-03-27,0.00134020611795711
2018-03-28,-0.00167613758005748
2018-03-29,0.000432230289133765
2018-04-03,0.00257858640663014
2018-04-04,-0.000751114428903725
2018-04-05,0.000661460469016265
2018-04-06,0.000476480214105725
2018-04-09,0.000302539364865243
2018-04-10,0.0014678710054261
2018-04-11,0.00031649321472738
2018-04-12,0.000184474690892329
2018-04-13,0.000941997786974448
2018-04-16,-0.00046178476748288
2018-04-17,-0.000938628315423674
2018-04-18,0.00108451060440437
2018-04-19,0.0017131086801333
2018-04-20,0.000236364468760656
2018-04-23,-0.0006210834271393
2018-04-24,0.00113090287770479
2018-04-25,-0.00105699946611396
2018-04-26,0.00105275022772677
2018-04-27,0.00115551100181189
2018-04-30,0.000770201773726553
2018-05-01,-8.44691847052846e-05
2018-05-02,-0.000298853747469857
2018-05-03,0.00038311359810364
2018-05-04,-0.000275714078135041
2018-05-08,-0.00128154718897047
2018-05-09,-4.54068230275464e-05
2018-05-10,1.5283115767598e-05
2018-05-11,0.000412787091043858
2018-05-14,-0.000514338627191976
2018-05-15,-0.000536059315164501
2018-05-16,-0.000763675871758279
2018-05-17,-0.000291236325639025
2018-05-18,-0.000980485689943169
2018-05-21,0.000445632300094677
2018-05-22,0.000245186639049206
2018-05-23,-0.000763574020694322
2018-05-24,0.000868669504251033
2018-05-25,6.17727560006232e-05
2018-05-28,0.000344341546293461
2018-05-29,-0.00158690128624303
2018-05-30,-0.00190302995802211
2018-05-31,0.000796135140585642
2018-06-01,-0.0108518204738156
2018-06-05,0.0140530074478645
2018-06-06,-0.000951011951151508
2018-06-07,0.00111044502212091
2018-06-08,-0.000468078580811439
2018-06-11,0.00120305935186508
2018-06-12,-0.000471386151842112
2018-06-13,-0.000479903090110784
2018-06-14,-0.000259672961218736
2018-06-15,0.000675237003862464
2018-06-18,-0.00124344750060761
2018-06-19,-0.00245300268968748
2018-06-20,0.000621463134971363
2018-06-21,-0.000881227796223134
2018-06-22,-0.0010255748425875
2018-06-25,-0.00130648639064318
2018-06-26,-0.00201559588877816
2018-06-27,-0.00187658621821876
2018-06-28,0.000194347105016775
2018-06-29,0.00204509620911767
2018-07-02,-0.00236869525475635
2018-07-03,0.00255427894744787
2018-07-04,0.000227734015036534
2018-07-05,0.000945964545175311
2018-07-06,0.00155702171178556
2018-07-09,0.00354701181697642
2018-07-10,0.000993326277137543
2018-07-11,-0.000810121980216326
2018-07-12,0.000871398288024675
2018-07-13,0.00264950141936154
2018-07-16,0.00584229712220341
2018-07-17,-0.000189742471403034
2018-07-18,0.00174859510133302
2018-07-19,-0.000540638264575639
2018-07-20,-0.000493376733923332
2018-07-23,0.000961686862978982
2018-07-24,0.000859530741989672
2018-07-25,0.000588359762774427
2018-07-26,0.000166800967490428
2018-07-27,0.00119786277567863
2018-07-30,-0.000472531235880666
2018-07-31,-8.23077749478833e-05
2018-08-01,0.00192045053101551
2018-08-02,-0.00109264891611416
2018-08-03,0.00155342656701162
2018-08-07,0.00199965847201167
2018-08-08,-0.000300225557839703
2018-08-09,0.000305158582816335
2018-08-10,-0.00097786845491146
2018-08-13,-0.00317514068653845
2018-08-14,0.00200532462173333
2018-08-15,-0.0010822277961483
2018-08-16,0.000769999914916996
2018-08-20,0.00123769427635543
2018-08-21,0.0013700224239959
2018-08-22,-0.000350347964665096
2018-08-23,-6.85431843026588e-05
2018-08-24,0.00122188567664316
2018-08-27,2.30100322920147e-05
2018-08-28,6.67421000076477e-05
